0,0,0,0
0.01,-1.19877e+135,0.03,-0.0399063
0.02,-8.97898e+135,0.06,5.73109e+136
0.03,-3.04671e+136,0.09,1.72058e+137
0.04,-7.2679e+136,0.12,3.44472e+137
0.05,-1.42464e+137,0.15,5.74887e+137
0.06,-2.4645e+137,0.18,8.63737e+137
0.07,-3.90991e+137,0.21,1.21155e+138
0.08,-5.82115e+137,0.24,1.61894e+138
0.09,-8.25472e+137,0.27,2.08662e+138
0.1,-1.12629e+138,0.3,2.61535e+138
0.11,-1.48933e+138,0.33,3.20597e+138
0.12,-1.91884e+138,0.36,3.85938e+138
0.13,-2.41851e+138,0.39,4.57651e+138
0.14,-2.99146e+138,0.42,5.35832e+138
0.15,-3.64017e+138,0.45,6.20582e+138
0.16,-4.36651e+138,0.48,7.11998e+138
0.17,-5.17163e+138,0.51,8.10178e+138
0.18,-6.05603e+138,0.54,9.15217e+138
0.19,-7.01947e+138,0.57,1.02721e+139
0.2,-8.06101e+138,0.6,1.14623e+139
0.21,-9.17898e+138,0.63,1.27236e+139
0.22,-1.0371e+139,0.66,1.40567e+139
0.23,-1.16338e+139,0.69,1.54621e+139
0.24,-1.29637e+139,0.72,1.69403e+139
0.25,-1.4356e+139,0.75,1.84914e+139
0.26,-1.58056e+139,0.78,2.01156e+139
0.27,-1.73063e+139,0.81,2.18128e+139
0.28,-1.88517e+139,0.84,2.35827e+139
0.29,-2.04345e+139,0.87,2.54247e+139
0.3,-2.20469e+139,0.9,2.73382e+139
0.31,-2.36805e+139,0.93,2.93222e+139
0.32,-2.53265e+139,0.96,3.13753e+139
0.33,-2.69754e+139,0.99,3.34962e+139
0.34,-2.86176e+139,1.02,3.5683e+139
0.35,-3.02429e+139,1.05,3.79338e+139
0.36,-3.18408e+139,1.08,4.02464e+139
0.37,-3.34006e+139,1.11,4.26181e+139
0.38,-3.49114e+139,1.14,4.50463e+139
0.39,-3.63622e+139,1.17,4.75279e+139
0.4,-3.77418e+139,1.2,5.00598e+139
0.41,-3.90391e+139,1.23,5.26385e+139
0.42,-4.02431e+139,1.26,5.52606e+139
0.43,-4.13428e+139,1.29,5.79223e+139
0.44,-4.23274e+139,1.32,6.06199e+139
0.45,-4.31865e+139,1.35,6.33493e+139
0.46,-4.391e+139,1.38,6.61066e+139
0.47,-4.4488e+139,1.41,6.88879e+139
0.48,-4.49113e+139,1.44,7.16893e+139
0.49,-4.51711e+139,1.47,7.45068e+139
0.5,-4.52592e+139,1.5,7.73367e+139
0.51,-4.51681e+139,1.53,8.01752e+139
0.52,-4.4891e+139,1.56,8.3019e+139
0.53,-4.44217e+139,1.59,8.58648e+139
0.54,-4.37551e+139,1.62,8.87095e+139
0.55,-4.28867e+139,1.65,9.15503e+139
0.56,-4.18132e+139,1.68,9.4385e+139
0.57,-4.05319e+139,1.71,9.72112e+139
0.58,-3.90413e+139,1.74,1.00027e+140
0.59,-3.73409e+139,1.77,1.02832e+140
0.6,-3.54312e+139,1.8,1.05625e+140
0.61,-3.33138e+139,1.83,1.08404e+140
0.62,-3.09914e+139,1.86,1.11171e+140
0.63,-2.84677e+139,1.89,1.13924e+140
0.64,-2.57477e+139,1.92,1.16666e+140
0.65,-2.28373e+139,1.95,1.19397e+140
0.66,-1.97436e+139,1.98,1.2212e+140
0.67,-1.64747e+139,2.01,1.24835e+140
0.68,-1.304e+139,2.04,1.27546e+140
0.69,-9.44962e+138,2.07,1.30255e+140
0.7,-5.71497e+138,2.1,1.32966e+140
0.71,-1.84832e+138,2.13,1.35683e+140
0.72,2.13706e+138,2.16,1.38409e+140
0.73,6.22702e+138,2.19,1.41149e+140
0.74,1.04065e+139,2.22,1.43908e+140
0.75,1.46598e+139,2.25,1.46692e+140
0.76,1.89702e+139,2.28,1.49504e+140
0.77,2.33206e+139,2.31,1.52351e+140
0.78,2.76931e+139,2.34,1.55239e+140
0.79,3.20693e+139,2.37,1.58175e+140
0.8,3.64304e+139,2.4,1.61163e+140
0.81,4.07571e+139,2.43,1.64212e+140
0.82,4.503e+139,2.46,1.67327e+140
0.83,4.92293e+139,2.49,1.70517e+140
0.84,5.33352e+139,2.52,1.73786e+140
0.85,5.73279e+139,2.55,1.77144e+140
0.86,6.11875e+139,2.58,1.80598e+140
0.87,6.48943e+139,2.61,1.84154e+140
0.88,6.84291e+139,2.64,1.87821e+140
0.89,7.17728e+139,2.67,1.91605e+140
0.9,7.49067e+139,2.7,1.95516e+140
0.91,7.78129e+139,2.73,1.9956e+140
0.92,8.0474e+139,2.76,2.03745e+140
0.93,8.28731e+139,2.79,2.0808e+140
0.94,8.49945e+139,2.82,2.12572e+140
0.95,8.68233e+139,2.85,2.17228e+140
0.96,8.83453e+139,2.88,2.22057e+140
0.97,8.95477e+139,2.91,2.27066e+140
0.98,9.04188e+139,2.94,2.32264e+140
0.99,9.09479e+139,2.97,2.37656e+140
1,9.11259e+139,3,2.43252e+140
1.01,9.09449e+139,3.03,2.49058e+140
1.02,9.03984e+139,3.06,2.5508e+140
1.03,8.94814e+139,3.09,2.61327e+140
1.04,8.81904e+139,3.12,2.67804e+140
1.05,8.65235e+139,3.15,2.74517e+140
1.06,8.44803e+139,3.18,2.81472e+140
1.07,8.20622e+139,3.21,2.88674e+140
1.08,7.92722e+139,3.24,2.96129e+140
1.09,7.61147e+139,3.27,3.0384e+140
1.1,7.25961e+139,3.3,3.1181e+140
1.11,6.87244e+139,3.33,3.20044e+140
1.12,6.45091e+139,3.36,3.28542e+140
1.13,5.99615e+139,3.39,3.37306e+140
1.14,5.50944e+139,3.42,3.46337e+140
1.15,4.99223e+139,3.45,3.55633e+140
1.16,4.44612e+139,3.48,3.65194e+140
1.17,3.87286e+139,3.51,3.75015e+140
1.18,3.27435e+139,3.54,3.85094e+140
1.19,2.65262e+139,3.57,3.95425e+140
1.2,2.00985e+139,3.6,4.06e+140
1.21,1.34831e+139,3.63,4.16813e+140
1.22,6.70434e+138,3.66,4.27853e+140
1.23,-2.12714e+137,3.69,4.39109e+140
1.24,-7.24186e+138,3.72,4.50569e+140
1.25,-1.4356e+139,3.75,4.62219e+140
1.26,-2.15274e+139,3.78,4.74044e+140
1.27,-2.87274e+139,3.81,4.86025e+140
1.28,-3.5927e+139,3.84,4.98144e+140
1.29,-4.30966e+139,3.87,5.10382e+140
1.3,-5.02063e+139,3.9,5.22716e+140
1.31,-5.72262e+139,3.93,5.35124e+140
1.32,-6.4126e+139,3.96,5.47581e+140
1.33,-7.08757e+139,3.99,5.60061e+140
1.34,-7.74453e+139,4.02,5.7254e+140
1.35,-8.38054e+139,4.05,5.84989e+140
1.36,-8.99266e+139,4.08,5.9738e+140
1.37,-9.57806e+139,4.11,6.09685e+140
1.38,-1.01339e+140,4.14,6.21875e+140
1.39,-1.06576e+140,4.17,6.33921e+140
1.4,-1.11464e+140,4.2,6.45795e+140
1.41,-1.15979e+140,4.23,6.57468e+140
1.42,-1.20097e+140,4.26,6.68913e+140
1.43,-1.23796e+140,4.29,6.80102e+140
1.44,-1.27054e+140,4.32,6.9101e+140
1.45,-1.29852e+140,4.35,7.01612e+140
1.46,-1.32173e+140,4.38,7.11885e+140
1.47,-1.34e+140,4.41,7.21808e+140
1.48,-1.35319e+140,4.44,7.31361e+140
1.49,-1.36117e+140,4.47,7.40529e+140
1.5,-1.36385e+140,4.5,7.49295e+140
1.51,-1.36114e+140,4.53,7.57648e+140
1.52,-1.35298e+140,4.56,7.65579e+140
1.53,-1.33934e+140,4.59,7.7308e+140
1.54,-1.32018e+140,4.62,7.80148e+140
1.55,-1.29553e+140,4.65,7.8678e+140
1.56,-1.2654e+140,4.68,7.9298e+140
1.57,-1.22985e+140,4.71,7.98751e+140
1.58,-1.18896e+140,4.74,8.04101e+140
1.59,-1.14281e+140,4.77,8.09041e+140
1.6,-1.09154e+140,4.8,8.13582e+140
1.61,-1.03528e+140,4.83,8.1774e+140
1.62,-9.74193e+139,4.86,8.21534e+140
1.63,-9.08477e+139,4.89,8.24982e+140
1.64,-8.38336e+139,4.92,8.28108e+140
1.65,-7.63998e+139,4.95,8.30936e+140
1.66,-6.85713e+139,4.98,8.33492e+140
1.67,-6.0375e+139,5.01,8.35803e+140
1.68,-5.18395e+139,5.04,8.37897e+140
1.69,-4.29953e+139,5.07,8.39807e+140
1.7,-3.38744e+139,5.1,8.41561e+140
1.71,-2.45104e+139,5.13,8.43192e+140
1.72,-1.49382e+139,5.16,8.44734e+140
1.73,-5.19409e+138,5.19,8.46217e+140
1.74,4.68469e+138,5.22,8.47677e+140
1.75,1.46598e+139,5.25,8.49146e+140
1.76,2.46921e+139,5.28,8.50657e+140
1.77,3.47417e+139,5.31,8.52244e+140
1.78,4.47684e+139,5.34,8.53939e+140
1.79,5.47314e+139,5.37,8.55775e+140
1.8,6.45898e+139,5.4,8.57785e+140
1.81,7.43028e+139,5.43,8.59998e+140
1.82,8.38295e+139,5.46,8.62447e+140
1.83,9.31296e+139,5.49,8.65162e+140
1.84,1.02163e+140,5.52,8.68172e+140
1.85,1.1089e+140,5.55,8.71506e+140
1.86,1.19273e+140,5.58,8.75192e+140
1.87,1.27274e+140,5.61,8.79257e+140
1.88,1.34857e+140,5.64,8.83727e+140
1.89,1.41987e+140,5.67,8.88629e+140
1.9,1.48629e+140,5.7,8.93987e+140
1.91,1.54753e+140,5.73,8.99824e+140
1.92,1.60328e+140,5.76,9.06165e+140
1.93,1.65326e+140,5.79,9.13031e+140
1.94,1.69721e+140,5.82,9.20444e+140
1.95,1.73489e+140,5.85,9.28425e+140
1.96,1.76608e+140,5.88,9.36992e+140
1.97,1.7906e+140,5.91,9.46166e+140
1.98,1.80826e+140,5.94,9.55963e+140
1.99,1.81894e+140,5.97,9.66401e+140
2,1.82252e+140,6,9.77495e+140
2.01,1.81891e+140,6.03,9.89261e+140
2.02,1.80806e+140,6.06,1.00171e+141
2.03,1.78993e+140,6.09,1.01486e+141
2.04,1.76453e+140,6.12,1.02871e+141
2.05,1.73189e+140,6.15,1.04329e+141
2.06,1.69207e+140,6.18,1.05858e+141
2.07,1.64515e+140,6.21,1.07461e+141
2.08,1.59126e+140,6.24,1.09138e+141
2.09,1.53055e+140,6.27,1.10889e+141
2.1,1.46319e+140,6.3,1.12713e+141
2.11,1.38938e+140,6.33,1.14611e+141
2.12,1.30937e+140,6.36,1.16583e+141
2.13,1.22341e+140,6.39,1.18627e+141
2.14,1.1318e+140,6.42,1.20742e+141
2.15,1.03485e+140,6.45,1.22928e+141
2.16,9.32889e+139,6.48,1.25183e+141
2.17,8.26289e+139,6.51,1.27505e+141
2.18,7.1543e+139,6.54,1.29892e+141
2.19,6.00719e+139,6.57,1.3234e+141
2.2,4.82579e+139,6.6,1.34848e+141
2.21,3.61452e+139,6.63,1.37412e+141
2.22,2.37796e+139,6.66,1.40027e+141
2.23,1.12084e+139,6.69,1.42691e+141
2.24,-1.52002e+138,6.72,1.45398e+141
2.25,-1.4356e+139,6.75,1.48143e+141
2.26,-2.72492e+139,6.78,1.50922e+141
2.27,-4.01485e+139,6.81,1.53729e+141
2.28,-5.30023e+139,6.84,1.56556e+141
2.29,-6.57587e+139,6.87,1.594e+141
2.3,-7.83658e+139,6.9,1.62251e+141
2.31,-9.07719e+139,6.93,1.65104e+141
2.32,-1.02926e+140,6.96,1.67951e+141
2.33,-1.14776e+140,6.99,1.70784e+141
2.34,-1.26273e+140,7.02,1.73597e+141
2.35,-1.37368e+140,7.05,1.76381e+141
2.36,-1.48012e+140,7.08,1.79128e+141
2.37,-1.58161e+140,7.11,1.8183e+141
2.38,-1.67767e+140,7.14,1.84479e+141
2.39,-1.7679e+140,7.17,1.87068e+141
2.4,-1.85187e+140,7.2,1.89589e+141
2.41,-1.92919e+140,7.23,1.92034e+141
2.42,-1.99952e+140,7.26,1.94396e+141
2.43,-2.06249e+140,7.29,1.96668e+141
2.44,-2.11781e+140,7.32,1.98843e+141
2.45,-2.16518e+140,7.35,2.00917e+141
2.46,-2.20436e+140,7.38,2.02883e+141
2.47,-2.23512e+140,7.41,2.04735e+141
2.48,-2.25726e+140,7.44,2.06471e+141
2.49,-2.27063e+140,7.47,2.08086e+141
2.5,-2.27511e+140,7.5,2.09578e+141
2.51,-2.2706e+140,7.53,2.10943e+141
2.52,-2.25706e+140,7.56,2.12182e+141
2.53,-2.23445e+140,7.59,2.13292e+141
2.54,-2.20281e+140,7.62,2.14275e+141
2.55,-2.16219e+140,7.65,2.1513e+141
2.56,-2.11267e+140,7.68,2.1586e+141
2.57,-2.05438e+140,7.71,2.16467e+141
2.58,-1.9875e+140,7.74,2.16954e+141
2.59,-1.91221e+140,7.77,2.17326e+141
2.6,-1.82876e+140,7.8,2.17586e+141
2.61,-1.73741e+140,7.83,2.17739e+141
2.62,-1.63847e+140,7.86,2.17792e+141
2.63,-1.53228e+140,7.89,2.17751e+141
2.64,-1.41919e+140,7.92,2.17622e+141
2.65,-1.29962e+140,7.95,2.17412e+141
2.66,-1.17399e+140,7.98,2.1713e+141
2.67,-1.04275e+140,8.01,2.16783e+141
2.68,-9.06391e+139,8.04,2.16379e+141
2.69,-7.6541e+139,8.07,2.15926e+141
2.7,-6.20339e+139,8.1,2.15434e+141
2.71,-4.71725e+139,8.13,2.1491e+141
2.72,-3.20135e+139,8.16,2.14363e+141
2.73,-1.66152e+139,8.19,2.13803e+141
2.74,-1.03715e+138,8.22,2.13236e+141
2.75,1.46598e+139,8.25,2.12673e+141
2.76,3.04139e+139,8.28,2.12121e+141
2.77,4.61628e+139,8.31,2.11588e+141
2.78,6.18437e+139,8.34,2.11083e+141
2.79,7.73935e+139,8.37,2.10614e+141
2.8,9.27493e+139,8.4,2.10187e+141
2.81,1.07848e+140,8.43,2.09812e+141
2.82,1.22629e+140,8.46,2.09494e+141
2.83,1.3703e+140,8.49,2.0924e+141
2.84,1.50991e+140,8.52,2.09058e+141
2.85,1.64453e+140,8.55,2.08953e+141
2.86,1.77359e+140,8.58,2.08932e+141
2.87,1.89654e+140,8.61,2.09001e+141
2.88,2.01285e+140,8.64,2.09165e+141
2.89,2.122e+140,8.67,2.09429e+141
2.9,2.22352e+140,8.7,2.09798e+141
2.91,2.31693e+140,8.73,2.10278e+141
2.92,2.40183e+140,8.76,2.10872e+141
2.93,2.4778e+140,8.79,2.11585e+141
2.94,2.54448e+140,8.82,2.12421e+141
2.95,2.60155e+140,8.85,2.13383e+141
2.96,2.64871e+140,8.88,2.14476e+141
2.97,2.68571e+140,8.91,2.15703e+141
2.98,2.71234e+140,8.94,2.17066e+141
2.99,2.7284e+140,8.97,2.18568e+141
3,2.73378e+140,9,2.20212e+141
3.01,2.72837e+140,9.03,2.22e+141
3.02,2.71213e+140,9.06,2.23933e+141
3.03,2.68505e+140,9.09,2.26015e+141
3.04,2.64716e+140,9.12,2.28246e+141
3.05,2.59855e+140,9.15,2.30626e+141
3.06,2.53934e+140,9.18,2.33158e+141
3.07,2.46969e+140,9.21,2.35841e+141
3.08,2.38981e+140,9.24,2.38675e+141
3.09,2.29995e+140,9.27,2.41659e+141
3.1,2.20041e+140,9.3,2.44794e+141
3.11,2.09152e+140,9.33,2.48077e+141
3.12,1.97365e+140,9.36,2.51507e+141
3.13,1.84721e+140,9.39,2.55081e+141
3.14,1.71266e+140,9.42,2.58797e+141
3.15,1.57047e+140,9.45,2.6265e+141
3.16,1.42117e+140,9.48,2.66638e+141
3.17,1.26529e+140,9.51,2.70755e+141
3.18,1.10343e+140,9.54,2.74995e+141
3.19,9.36176e+139,9.57,2.79353e+141
3.2,7.64174e+139,9.6,2.83822e+141
3.21,5.88073e+139,9.63,2.88395e+141
3.22,4.08549e+139,9.66,2.93062e+141
3.23,2.26295e+139,9.69,2.97816e+141
3.24,4.20183e+138,9.72,3.02646e+141
3.25,-1.4356e+139,9.75,3.07542e+141
3.26,-3.29711e+139,9.78,3.12493e+141
3.27,-5.15696e+139,9.81,3.17486e+141
3.28,-7.00776e+139,9.84,3.2251e+141
3.29,-8.84208e+139,9.87,3.27552e+141
3.3,-1.06525e+140,9.9,3.32596e+141
3.31,-1.24318e+140,9.93,3.3763e+141
3.32,-1.41725e+140,9.96,3.42639e+141
3.33,-1.58676e+140,9.99,3.47607e+141
3.34,-1.75101e+140,10.02,3.52519e+141
3.35,-1.9093e+140,10.05,3.5736e+141
3.36,-2.06098e+140,10.08,3.62114e+141
3.37,-2.20541e+140,10.11,3.66766e+141
3.38,-2.34195e+140,10.14,3.71299e+141
3.39,-2.47003e+140,10.17,3.75699e+141
3.4,-2.58909e+140,10.2,3.79952e+141
3.41,-2.6986e+140,10.23,3.84042e+141
3.42,-2.79806e+140,10.26,3.87956e+141
3.43,-2.88702e+140,10.29,3.91682e+141
3.44,-2.96508e+140,10.32,3.95206e+141
3.45,-3.03184e+140,10.35,3.98519e+141
3.46,-3.08699e+140,10.38,4.01609e+141
3.47,-3.13024e+140,10.41,4.04469e+141
3.48,-3.16133e+140,10.44,4.0709e+141
3.49,-3.18009e+140,10.47,4.09467e+141
3.5,-3.18637e+140,10.5,4.11594e+141
3.51,-3.18006e+140,10.53,4.13469e+141
3.52,-3.16113e+140,10.56,4.15089e+141
3.53,-3.12957e+140,10.59,4.16455e+141
3.54,-3.08544e+140,10.62,4.17567e+141
3.55,-3.02885e+140,10.65,4.18427e+141
3.56,-2.95993e+140,10.68,4.19041e+141
3.57,-2.87892e+140,10.71,4.19414e+141
3.58,-2.78604e+140,10.74,4.19553e+141
3.59,-2.68161e+140,10.77,4.19466e+141
3.6,-2.56598e+140,10.8,4.19163e+141
3.61,-2.43955e+140,10.83,4.18654e+141
3.62,-2.30275e+140,10.86,4.17952e+141
3.63,-2.15608e+140,10.89,4.17069e+141
3.64,-2.00005e+140,10.92,4.16019e+141
3.65,-1.83525e+140,10.95,4.14817e+141
3.66,-1.66227e+140,10.98,4.13476e+141
3.67,-1.48176e+140,11.01,4.12014e+141
3.68,-1.29439e+140,11.04,4.10445e+141
3.69,-1.10087e+140,11.07,4.08787e+141
3.7,-9.01934e+139,11.1,4.07055e+141
3.71,-6.98346e+139,11.13,4.05266e+141
3.72,-4.90888e+139,11.16,4.03437e+141
3.73,-2.80363e+139,11.19,4.01584e+141
3.74,-6.759e+138,11.22,3.99724e+141
3.75,1.46598e+139,11.25,3.97872e+141
3.76,3.61358e+139,11.28,3.96044e+141
3.77,5.75839e+139,11.31,3.94256e+141
3.78,7.8919e+139,11.34,3.92522e+141
3.79,1.00056e+140,11.37,3.90857e+141
3.8,1.20909e+140,11.4,3.89275e+141
3.81,1.41394e+140,11.43,3.87789e+141
3.82,1.61429e+140,11.46,3.86412e+141
3.83,1.8093e+140,11.49,3.85157e+141
3.84,1.99818e+140,11.52,3.84035e+141
3.85,2.18015e+140,11.55,3.83057e+141
3.86,2.35445e+140,11.58,3.82235e+141
3.87,2.52034e+140,11.61,3.81577e+141
3.88,2.67713e+140,11.64,3.81094e+141
3.89,2.82414e+140,11.67,3.80794e+141
3.9,2.96074e+140,11.7,3.80686e+141
3.91,3.08633e+140,11.73,3.80778e+141
3.92,3.20037e+140,11.76,3.81078e+141
3.93,3.30233e+140,11.79,3.81591e+141
3.94,3.39175e+140,11.82,3.82324e+141
3.95,3.46821e+140,11.85,3.83284e+141
3.96,3.53134e+140,11.88,3.84476e+141
3.97,3.58083e+140,11.91,3.85904e+141
3.98,3.61641e+140,11.94,3.87573e+141
3.99,3.63786e+140,11.97,3.89487e+141
4,3.64504e+140,12,3.9165e+141
4.01,3.63783e+140,12.03,3.94065e+141
4.02,3.61621e+140,12.06,3.96734e+141
4.03,3.58017e+140,12.09,3.99659e+141
4.04,3.5298e+140,12.12,4.02842e+141
4.05,3.46521e+140,12.15,4.06284e+141
4.06,3.38661e+140,12.18,4.09984e+141
4.07,3.29422e+140,12.21,4.13944e+141
4.08,3.18835e+140,12.24,4.18161e+141
4.09,3.06935e+140,12.27,4.22634e+141
4.1,2.93763e+140,12.3,4.27361e+141
4.11,2.79366e+140,12.33,4.32339e+141
4.12,2.63793e+140,12.36,4.37563e+141
4.13,2.47101e+140,12.39,4.4303e+141
4.14,2.29352e+140,12.42,4.48732e+141
4.15,2.1061e+140,12.45,4.54664e+141
4.16,1.90944e+140,12.48,4.60817e+141
4.17,1.70429e+140,12.51,4.67183e+141
4.18,1.49142e+140,12.54,4.73752e+141
4.19,1.27163e+140,12.57,4.80513e+141
4.2,1.04577e+140,12.6,4.87454e+141
4.21,8.14694e+139,12.63,4.94561e+141
4.22,5.79302e+139,12.66,5.0182e+141
4.23,3.40506e+139,12.69,5.09215e+141
4.24,9.92367e+138,12.72,5.1673e+141
4.25,-1.4356e+139,12.75,5.24345e+141
4.26,-3.86929e+139,12.78,5.32043e+141
4.27,-6.29907e+139,12.81,5.39802e+141
4.28,-8.71529e+139,12.84,5.47602e+141
4.29,-1.11083e+140,12.87,5.5542e+141
4.3,-1.34685e+140,12.9,5.63232e+141
4.31,-1.57863e+140,12.93,5.71016e+141
4.32,-1.80525e+140,12.96,5.78746e+141
4.33,-2.02576e+140,12.99,5.86396e+141
4.34,-2.23928e+140,13.02,5.93942e+141
4.35,-2.44493e+140,13.05,6.01358e+141
4.36,-2.64184e+140,13.08,6.08618e+141
4.37,-2.82921e+140,13.11,6.15696e+141
4.38,-3.00623e+140,13.14,6.22567e+141
4.39,-3.17217e+140,13.17,6.29205e+141
4.4,-3.32632e+140,13.2,6.35587e+141
4.41,-3.468e+140,13.23,6.4169e+141
4.42,-3.5966e+140,13.26,6.47491e+141
4.43,-3.71156e+140,13.29,6.52969e+141
4.44,-3.81234e+140,13.32,6.58106e+141
4.45,-3.8985e+140,13.35,6.62883e+141
4.46,-3.96962e+140,13.38,6.67284e+141
4.47,-4.02535e+140,13.41,6.71297e+141
4.48,-4.06541e+140,13.44,6.74909e+141
4.49,-4.08956e+140,13.47,6.7811e+141
4.5,-4.09763e+140,13.5,6.80895e+141
4.51,-4.08953e+140,13.53,6.83258e+141
4.52,-4.06521e+140,13.56,6.85197e+141
4.53,-4.02469e+140,13.59,6.86712e+141
4.54,-3.96807e+140,13.62,6.87807e+141
4.55,-3.8955e+140,13.65,6.88487e+141
4.56,-3.8072e+140,13.68,6.88759e+141
4.57,-3.70345e+140,13.71,6.88634e+141
4.58,-3.58458e+140,13.74,6.88123e+141
4.59,-3.45102e+140,13.77,6.87243e+141
4.6,-3.30321e+140,13.8,6.86009e+141
4.61,-3.14169e+140,13.83,6.84439e+141
4.62,-2.96703e+140,13.86,6.82554e+141
4.63,-2.77988e+140,13.89,6.80374e+141
4.64,-2.58091e+140,13.92,6.77925e+141
4.65,-2.37087e+140,13.95,6.75228e+141
4.66,-2.15054e+140,13.98,6.7231e+141
4.67,-1.92076e+140,14.01,6.69195e+141
4.68,-1.68238e+140,14.04,6.65912e+141
4.69,-1.43632e+140,14.07,6.62485e+141
4.7,-1.18353e+140,14.1,6.58943e+141
4.71,-9.24967e+139,14.13,6.55313e+141
4.72,-6.61641e+139,14.16,6.5162e+141
4.73,-3.94574e+139,14.19,6.47893e+141
4.74,-1.24808e+139,14.22,6.44158e+141
4.75,1.46598e+139,14.25,6.4044e+141
4.76,4.18576e+139,14.28,6.36765e+141
4.77,6.90051e+139,14.31,6.33157e+141
4.78,9.59943e+139,14.34,6.29641e+141
4.79,1.22718e+140,14.37,6.26239e+141
4.8,1.49068e+140,14.4,6.22973e+141
4.81,1.7494e+140,14.43,6.19864e+141
4.82,2.00228e+140,14.46,6.16934e+141
4.83,2.2483e+140,14.49,6.142e+141
4.84,2.48646e+140,14.52,6.11682e+141
4.85,2.71578e+140,14.55,6.09397e+141
4.86,2.93531e+140,14.58,6.07361e+141
4.87,3.14414e+140,14.61,6.05589e+141
4.88,3.34141e+140,14.64,6.04096e+141
4.89,3.52628e+140,14.67,6.02896e+141
4.9,3.69796e+140,14.7,6.02001e+141
4.91,3.85574e+140,14.73,6.01423e+141
4.92,3.99891e+140,14.76,6.01172e+141
4.93,4.12686e+140,14.79,6.01259e+141
4.94,4.23902e+140,14.82,6.01693e+141
4.95,4.33487e+140,14.85,6.02483e+141
4.96,4.41397e+140,14.88,6.03635e+141
4.97,4.47595e+140,14.91,6.05158e+141
4.98,4.52048e+140,14.94,6.07057e+141
4.99,4.54732e+140,14.97,6.09338e+141
5,4.5563e+140,15,6.12004e+141
5.01,4.54729e+140,15.03,6.15061e+141
5.02,4.52028e+140,15.06,6.18511e+141
5.03,4.47529e+140,15.09,6.22356e+141
5.04,4.41243e+140,15.12,6.26599e+141
5.05,4.33187e+140,15.15,6.31238e+141
5.06,4.23387e+140,15.18,6.36275e+141
5.07,4.11875e+140,15.21,6.41707e+141
5.08,3.98689e+140,15.24,6.47533e+141
5.09,3.83875e+140,15.27,6.53749e+141
5.1,3.67486e+140,15.3,6.60351e+141
5.11,3.49579e+140,15.33,6.67333e+141
5.12,3.30221e+140,15.36,6.74688e+141
5.13,3.09481e+140,15.39,6.82408e+141
5.14,2.87438e+140,15.42,6.90484e+141
5.15,2.64172e+140,15.45,6.98903e+141
5.16,2.39772e+140,15.48,7.07655e+141
5.17,2.1433e+140,15.51,7.16724e+141
5.18,1.87942e+140,15.54,7.26096e+141
5.19,1.60709e+140,15.57,7.35753e+141
5.2,1.32736e+140,15.6,7.45675e+141
5.21,1.04132e+140,15.63,7.55842e+141
5.22,7.50055e+139,15.66,7.66231e+141
5.23,4.54717e+139,15.69,7.76819e+141
5.24,1.56455e+139,15.72,7.87578e+141
5.25,-1.4356e+139,15.75,7.98482e+141
5.26,-4.44148e+139,15.78,8.09501e+141
5.27,-7.44119e+139,15.81,8.20604e+141
5.28,-1.04228e+140,15.84,8.31758e+141
5.29,-1.33745e+140,15.87,8.4293e+141
5.3,-1.62844e+140,15.9,8.54084e+141
5.31,-1.91409e+140,15.93,8.65184e+141
5.32,-2.19324e+140,15.96,8.76194e+141
5.33,-2.46477e+140,15.99,8.87075e+141
5.34,-2.72756e+140,16.02,8.97789e+141
5.35,-2.98055e+140,16.05,9.08296e+141
5.36,-3.2227e+140,16.08,9.1856e+141
5.37,-3.45301e+140,16.11,9.28541e+141
5.38,-3.67051e+140,16.14,9.38201e+141
5.39,-3.87431e+140,16.17,9.47504e+141
5.4,-4.06354e+140,16.2,9.56414e+141
5.41,-4.2374e+140,16.23,9.64895e+141
5.42,-4.39514e+140,16.26,9.72917e+141
5.43,-4.53609e+140,16.29,9.80448e+141
5.44,-4.65961e+140,16.32,9.87459e+141
5.45,-4.76516e+140,16.35,9.93926e+141
5.46,-4.85225e+140,16.38,9.99825e+141
5.47,-4.92047e+140,16.41,1.00514e+142
5.48,-4.96948e+140,16.44,1.00984e+142
5.49,-4.99902e+140,16.47,1.01393e+142
5.5,-5.00889e+140,16.5,1.0174e+142
5.51,-4.99899e+140,16.53,1.02023e+142
5.52,-4.96928e+140,16.56,1.02242e+142
5.53,-4.91981e+140,16.59,1.02398e+142
5.54,-4.8507e+140,16.62,1.02491e+142
5.55,-4.76216e+140,16.65,1.02522e+142
5.56,-4.65447e+140,16.68,1.02493e+142
5.57,-4.52798e+140,16.71,1.02404e+142
5.58,-4.38313e+140,16.74,1.02258e+142
5.59,-4.22042e+140,16.77,1.02057e+142
5.6,-4.04043e+140,16.8,1.01804e+142
5.61,-3.84383e+140,16.83,1.01501e+142
5.62,-3.63131e+140,16.86,1.01152e+142
5.63,-3.40368e+140,16.89,1.00759e+142
5.64,-3.16177e+140,16.92,1.00326e+142
5.65,-2.9065e+140,16.95,9.98568e+141
5.66,-2.63882e+140,16.98,9.93552e+141
5.67,-2.35976e+140,17.01,9.8825e+141
5.68,-2.07038e+140,17.04,9.82702e+141
5.69,-1.77178e+140,17.07,9.76946e+141
5.7,-1.46512e+140,17.1,9.71024e+141
5.71,-1.15159e+140,17.13,9.64975e+141
5.72,-8.32394e+139,17.16,9.5884e+141
5.73,-5.08785e+139,17.19,9.52657e+141
5.74,-1.82027e+139,17.22,9.46467e+141
5.75,1.46598e+139,17.25,9.40306e+141
5.76,4.75795e+139,17.28,9.34213e+141
5.77,8.04262e+139,17.31,9.28222e+141
5.78,1.1307e+140,17.34,9.2237e+141
5.79,1.4538e+140,17.37,9.16689e+141
5.8,1.77228e+140,17.4,9.11212e+141
5.81,2.08486e+140,17.43,9.0597e+141
5.82,2.39028e+140,17.46,9.00991e+141
5.83,2.68731e+140,17.49,8.96304e+141
5.84,2.97474e+140,17.52,8.91934e+141
5.85,3.2514e+140,17.55,8.87907e+141
5.86,3.51617e+140,17.58,8.84247e+141
5.87,3.76794e+140,17.61,8.80973e+141
5.88,4.00569e+140,17.64,8.78109e+141
5.89,4.22842e+140,17.67,8.75671e+141
5.9,4.43519e+140,17.7,8.73678e+141
5.91,4.62514e+140,17.73,8.72147e+141
5.92,4.79745e+140,17.76,8.71092e+141
5.93,4.95139e+140,17.79,8.70527e+141
5.94,5.08628e+140,17.82,8.70465e+141
5.95,5.20153e+140,17.85,8.70918e+141
5.96,5.29661e+140,17.88,8.71894e+141
5.97,5.37107e+140,17.91,8.73405e+141
5.98,5.42456e+140,17.94,8.75457e+141
5.99,5.45679e+140,17.97,8.78057e+141
6,5.46756e+140,18,8.81212e+141
6.01,5.45676e+140,18.03,8.84927e+141
6.02,5.42435e+140,18.06,8.89204e+141
6.03,5.37041e+140,18.09,8.94046e+141
6.04,5.29506e+140,18.12,8.99454e+141
6.05,5.19853e+140,18.15,9.05429e+141
6.06,5.08114e+140,18.18,9.11968e+141
6.07,4.94328e+140,18.21,9.1907e+141
6.08,4.78544e+140,18.24,9.2673e+141
6.09,4.60816e+140,18.27,9.34943e+141
6.1,4.41208e+140,18.3,9.43701e+141
6.11,4.19793e+140,18.33,9.52996e+141
6.12,3.96649e+140,18.36,9.62817e+141
6.13,3.71861e+140,18.39,9.73152e+141
6.14,3.45524e+140,18.42,9.83986e+141
6.15,3.17735e+140,18.45,9.95304e+141
6.16,2.886e+140,18.48,1.00709e+142
6.17,2.5823e+140,18.51,1.01931e+142
6.18,2.26741e+140,18.54,1.03196e+142
6.19,1.94255e+140,18.57,1.045e+142
6.2,1.60896e+140,18.6,1.05842e+142
6.21,1.26794e+140,18.63,1.07217e+142
6.22,9.20808e+139,18.66,1.08623e+142
6.23,5.68928e+139,18.69,1.10056e+142
6.24,2.13674e+139,18.72,1.11512e+142
6.25,-1.4356e+139,18.75,1.12988e+142
6.26,-5.01366e+139,18.78,1.14479e+142
6.27,-8.5833e+139,18.81,1.15982e+142
6.28,-1.21303e+140,18.84,1.1749e+142
6.29,-1.56407e+140,18.87,1.19001e+142
6.3,-1.91004e+140,18.9,1.20508e+142
6.31,-2.24955e+140,18.93,1.22006e+142
6.32,-2.58124e+140,18.96,1.23491e+142
6.33,-2.90377e+140,18.99,1.24957e+142
6.34,-3.21584e+140,19.02,1.26398e+142
6.35,-3.51618e+140,19.05,1.2781e+142
6.36,-3.80356e+140,19.08,1.29186e+142
6.37,-4.07681e+140,19.11,1.30522e+142
6.38,-4.33479e+140,19.14,1.31812e+142
6.39,-4.57645e+140,19.17,1.33052e+142
6.4,-4.80076e+140,19.2,1.34235e+142
6.41,-5.0068e+140,19.23,1.35358e+142
6.42,-5.19369e+140,19.26,1.36415e+142
6.43,-5.36062e+140,19.29,1.37403e+142
6.44,-5.50688e+140,19.32,1.38318e+142
6.45,-5.63182e+140,19.35,1.39156e+142
6.46,-5.73488e+140,19.38,1.39915e+142
6.47,-5.81559e+140,19.41,1.4059e+142
6.48,-5.87356e+140,19.44,1.41181e+142
6.49,-5.90848e+140,19.47,1.41685e+142
6.5,-5.92015e+140,19.5,1.42101e+142
6.51,-5.90845e+140,19.53,1.42429e+142
6.52,-5.87335e+140,19.56,1.42667e+142
6.53,-5.81493e+140,19.59,1.42818e+142
6.54,-5.73333e+140,19.62,1.4288e+142
6.55,-5.62882e+140,19.65,1.42856e+142
6.56,-5.50174e+140,19.68,1.42747e+142
6.57,-5.35251e+140,19.71,1.42556e+142
6.58,-5.18167e+140,19.74,1.42285e+142
6.59,-4.98982e+140,19.77,1.41938e+142
6.6,-4.77766e+140,19.8,1.41518e+142
6.61,-4.54596e+140,19.83,1.41029e+142
6.62,-4.29559e+140,19.86,1.40476e+142
6.63,-4.02748e+140,19.89,1.39862e+142
6.64,-3.74263e+140,19.92,1.39194e+142
6.65,-3.44212e+140,19.95,1.38476e+142
6.66,-3.1271e+140,19.98,1.37713e+142
6.67,-2.79876e+140,20.01,1.3691e+142
6.68,-2.45837e+140,20.04,1.36074e+142
6.69,-2.10724e+140,20.07,1.35209e+142
6.7,-1.74672e+140,20.1,1.34322e+142
6.71,-1.37821e+140,20.13,1.33418e+142
6.72,-1.00315e+140,20.16,1.32502e+142
6.73,-6.22996e+139,20.19,1.3158e+142
6.74,-2.39245e+139,20.22,1.30658e+142
6.75,1.46598e+139,20.25,1.2974e+142
6.76,5.33013e+139,20.28,1.28832e+142
6.77,9.18473e+139,20.31,1.27938e+142
6.78,1.30145e+140,20.34,1.27064e+142
6.79,1.68042e+140,20.37,1.26214e+142
6.8,2.05387e+140,20.4,1.25393e+142
6.81,2.42031e+140,20.43,1.24604e+142
6.82,2.77827e+140,20.46,1.23852e+142
6.83,3.12631e+140,20.49,1.2314e+142
6.84,3.46302e+140,20.52,1.22472e+142
6.85,3.78703e+140,20.55,1.21852e+142
6.86,4.09703e+140,20.58,1.21283e+142
6.87,4.39174e+140,20.61,1.20767e+142
6.88,4.66997e+140,20.64,1.20307e+142
6.89,4.93055e+140,20.67,1.19906e+142
6.9,5.17241e+140,20.7,1.19566e+142
6.91,5.39454e+140,20.73,1.19289e+142
6.92,5.596e+140,20.76,1.19078e+142
6.93,5.77592e+140,20.79,1.18933e+142
6.94,5.93355e+140,20.82,1.18858e+142
6.95,6.06819e+140,20.85,1.18853e+142
6.96,6.17924e+140,20.88,1.18919e+142
6.97,6.26619e+140,20.91,1.19058e+142
6.98,6.32863e+140,20.94,1.19271e+142
6.99,6.36625e+140,20.97,1.19559e+142
7,6.37882e+140,21,1.19921e+142
7.01,6.36622e+140,21.03,1.2036e+142
7.02,6.32843e+140,21.06,1.20875e+142
7.03,6.26552e+140,21.09,1.21467e+142
7.04,6.17769e+140,21.12,1.22135e+142
7.05,6.06519e+140,21.15,1.22879e+142
7.06,5.92841e+140,21.18,1.237e+142
7.07,5.76782e+140,21.21,1.24597e+142
7.08,5.58398e+140,21.24,1.25569e+142
7.09,5.37756e+140,21.27,1.26615e+142
7.1,5.14931e+140,21.3,1.27735e+142
7.11,4.90007e+140,21.33,1.28926e+142
7.12,4.63077e+140,21.36,1.30189e+142
7.13,4.34241e+140,21.39,1.3152e+142
7.14,4.0361e+140,21.42,1.32918e+142
7.15,3.71297e+140,21.45,1.3438e+142
7.16,3.37428e+140,21.48,1.35904e+142
7.17,3.0213e+140,21.51,1.37488e+142
7.18,2.65541e+140,21.54,1.39128e+142
7.19,2.278e+140,21.57,1.4082e+142
7.2,1.89055e+140,21.6,1.42561e+142
7.21,1.49456e+140,21.63,1.44347e+142
7.22,1.09156e+140,21.66,1.46174e+142
7.23,6.83139e+139,21.69,1.48036e+142
7.24,2.70892e+139,21.72,1.49929e+142
7.25,-1.4356e+139,21.75,1.51847e+142
7.26,-5.58585e+139,21.78,1.53785e+142
7.27,-9.72541e+139,21.81,1.55737e+142
7.28,-1.38379e+140,21.84,1.57697e+142
7.29,-1.79069e+140,21.87,1.59658e+142
7.3,-2.19163e+140,21.9,1.61613e+142
7.31,-2.585e+140,21.93,1.63557e+142
7.32,-2.96923e+140,21.96,1.65481e+142
7.33,-3.34277e+140,21.99,1.67379e+142
7.34,-3.70412e+140,22.02,1.69244e+142
7.35,-4.0518e+140,22.05,1.71068e+142
7.36,-4.38442e+140,22.08,1.72844e+142
7.37,-4.70061e+140,22.11,1.74566e+142
7.38,-4.99907e+140,22.14,1.76225e+142
7.39,-5.27858e+140,22.17,1.77816e+142
7.4,-5.53799e+140,22.2,1.79331e+142
7.41,-5.7762e+140,22.23,1.80765e+142
7.42,-5.99223e+140,22.26,1.82111e+142
7.43,-6.18515e+140,22.29,1.83365e+142
7.44,-6.35415e+140,22.32,1.8452e+142
7.45,-6.49848e+140,22.35,1.85572e+142
7.46,-6.61751e+140,22.38,1.86517e+142
7.47,-6.71071e+140,22.41,1.87351e+142
7.48,-6.77763e+140,22.44,1.88072e+142
7.49,-6.81794e+140,22.47,1.88678e+142
7.5,-6.83141e+140,22.5,1.89166e+142
7.51,-6.81791e+140,22.53,1.89536e+142
7.52,-6.77743e+140,22.56,1.89788e+142
7.53,-6.71005e+140,22.59,1.89921e+142
7.54,-6.61596e+140,22.62,1.89938e+142
7.55,-6.49548e+140,22.65,1.8984e+142
7.56,-6.349e+140,22.68,1.8963e+142
7.57,-6.17704e+140,22.71,1.8931e+142
7.58,-5.98021e+140,22.74,1.88884e+142
7.59,-5.75922e+140,22.77,1.88357e+142
7.6,-5.51488e+140,22.8,1.87734e+142
7.61,-5.2481e+140,22.83,1.8702e+142
7.62,-4.95987e+140,22.86,1.8622e+142
7.63,-4.65128e+140,22.89,1.85341e+142
7.64,-4.32349e+140,22.92,1.84389e+142
7.65,-3.97775e+140,22.95,1.83372e+142
7.66,-3.61538e+140,22.98,1.82295e+142
7.67,-3.23777e+140,23.01,1.81167e+142
7.68,-2.84637e+140,23.04,1.79995e+142
7.69,-2.4427e+140,23.07,1.78785e+142
7.7,-2.02831e+140,23.1,1.77546e+142
7.71,-1.60483e+140,23.13,1.76285e+142
7.72,-1.1739e+140,23.16,1.75009e+142
7.73,-7.37207e+139,23.19,1.73726e+142
7.74,-2.96464e+139,23.22,1.72442e+142
7.75,1.46598e+139,23.25,1.71164e+142
7.76,5.90231e+139,23.28,1.699e+142
7.77,1.03268e+140,23.31,1.68656e+142
7.78,1.4722e+140,23.34,1.67438e+142
7.79,1.90704e+140,23.37,1.66252e+142
7.8,2.33547e+140,23.4,1.65105e+142
7.81,2.75577e+140,23.43,1.64e+142
7.82,3.16627e+140,23.46,1.62945e+142
7.83,3.56531e+140,23.49,1.61943e+142
7.84,3.95129e+140,23.52,1.60999e+142
7.85,4.32265e+140,23.55,1.60118e+142
7.86,4.67788e+140,23.58,1.59304e+142
7.87,5.01554e+140,23.61,1.5856e+142
7.88,5.33425e+140,23.64,1.57891e+142
7.89,5.63269e+140,23.67,1.57299e+142
7.9,5.90964e+140,23.7,1.56787e+142
7.91,6.16394e+140,23.73,1.56359e+142
7.92,6.39454e+140,23.76,1.56016e+142
7.93,6.60046e+140,23.79,1.55762e+142
7.94,6.78082e+140,23.82,1.55597e+142
7.95,6.93485e+140,23.85,1.55525e+142
7.96,7.06187e+140,23.88,1.55546e+142
7.97,7.16131e+140,23.91,1.55663e+142
7.98,7.2327e+140,23.94,1.55876e+142
7.99,7.27571e+140,23.97,1.56186e+142
8,7.29008e+140,24,1.56595e+142
8.01,7.27568e+140,24.03,1.57102e+142
8.02,7.2325e+140,24.06,1.57709e+142
8.03,7.16064e+140,24.09,1.58416e+142
8.04,7.06032e+140,24.12,1.59222e+142
8.05,6.93185e+140,24.15,1.60127e+142
8.06,6.77568e+140,24.18,1.61132e+142
8.07,6.59235e+140,24.21,1.62235e+142
8.08,6.38252e+140,24.24,1.63435e+142
8.09,6.14696e+140,24.27,1.64731e+142
8.1,5.88653e+140,24.3,1.66123e+142
8.11,5.60221e+140,24.33,1.67608e+142
8.12,5.29505e+140,24.36,1.69183e+142
8.13,4.96621e+140,24.39,1.70848e+142
8.14,4.61695e+140,24.42,1.72599e+142
8.15,4.2486e+140,24.45,1.74433e+142
8.16,3.86255e+140,24.48,1.76346e+142
8.17,3.4603e+140,24.51,1.78336e+142
8.18,3.0434e+140,24.54,1.80398e+142
8.19,2.61346e+140,24.57,1.82527e+142
8.2,2.17215e+140,24.6,1.84719e+142
8.21,1.72118e+140,24.63,1.86968e+142
8.22,1.26231e+140,24.66,1.89269e+142
8.23,7.9735e+139,24.69,1.91615e+142
8.24,3.28111e+139,24.72,1.94e+142
8.25,-1.4356e+139,24.75,1.96418e+142
8.26,-6.15803e+139,24.78,1.9886e+142
8.27,-1.08675e+140,24.81,2.01319e+142
8.28,-1.55454e+140,24.84,2.03787e+142
8.29,-2.01731e+140,24.87,2.06256e+142
8.3,-2.47323e+140,24.9,2.08718e+142
8.31,-2.92046e+140,24.93,2.11163e+142
8.32,-3.35723e+140,24.96,2.13582e+142
8.33,-3.78177e+140,24.99,2.15967e+142
8.34,-4.19239e+140,25.02,2.18308e+142
8.35,-4.58743e+140,25.05,2.20596e+142
8.36,-4.96528e+140,25.08,2.22822e+142
8.37,-5.32441e+140,25.11,2.24976e+142
8.38,-5.66335e+140,25.14,2.2705e+142
8.39,-5.98072e+140,25.17,2.29035e+142
8.4,-6.27521e+140,25.2,2.30922e+142
8.41,-6.54561e+140,25.23,2.32704e+142
8.42,-6.79077e+140,25.26,2.34372e+142
8.43,-7.00969e+140,25.29,2.3592e+142
8.44,-7.20141e+140,25.32,2.37341e+142
8.45,-7.36514e+140,25.35,2.3863e+142
8.46,-7.50014e+140,25.38,2.3978e+142
8.47,-7.60583e+140,25.41,2.40788e+142
8.48,-7.6817e+140,25.44,2.4165e+142
8.49,-7.7274e+140,25.47,2.42363e+142
8.5,-7.74267e+140,25.5,2.42926e+142
8.51,-7.72737e+140,25.53,2.43336e+142
8.52,-7.6815e+140,25.56,2.43594e+142
8.53,-7.60517e+140,25.59,2.43701e+142
8.54,-7.4986e+140,25.62,2.43658e+142
8.55,-7.36214e+140,25.65,2.43468e+142
8.56,-7.19627e+140,25.68,2.43133e+142
8.57,-7.00158e+140,25.71,2.42658e+142
8.58,-6.77875e+140,25.74,2.42048e+142
8.59,-6.52862e+140,25.77,2.41308e+142
8.6,-6.25211e+140,25.8,2.40445e+142
8.61,-5.95024e+140,25.83,2.39465e+142
8.62,-5.62415e+140,25.86,2.38376e+142
8.63,-5.27508e+140,25.89,2.37186e+142
8.64,-4.90435e+140,25.92,2.35904e+142
8.65,-4.51337e+140,25.95,2.34537e+142
8.66,-4.10365e+140,25.98,2.33096e+142
8.67,-3.67677e+140,26.01,2.31588e+142
8.68,-3.23436e+140,26.04,2.30025e+142
8.69,-2.77815e+140,26.07,2.28414e+142
8.7,-2.30991e+140,26.1,2.26767e+142
8.71,-1.83145e+140,26.13,2.25091e+142
8.72,-1.34465e+140,26.16,2.23397e+142
8.73,-8.51419e+139,26.19,2.21695e+142
8.74,-3.53682e+139,26.22,2.19991e+142
8.75,1.46598e+139,26.25,2.18297e+142
8.76,6.4745e+139,26.28,2.16621e+142
8.77,1.14689e+140,26.31,2.1497e+142
8.78,1.64295e+140,26.34,2.13353e+142
8.79,2.13366e+140,26.37,2.11777e+142
8.8,2.61706e+140,26.4,2.1025e+142
8.81,3.09123e+140,26.43,2.08779e+142
8.82,3.55426e+140,26.46,2.07371e+142
8.83,4.00431e+140,26.49,2.06031e+142
8.84,4.43957e+140,26.52,2.04766e+142
8.85,4.85828e+140,26.55,2.03581e+142
8.86,5.25874e+140,26.58,2.02481e+142
8.87,5.63934e+140,26.61,2.01472e+142
8.88,5.99853e+140,26.64,2.00557e+142
8.89,6.33483e+140,26.67,1.9974e+142
8.9,6.64686e+140,26.7,1.99026e+142
8.91,6.93334e+140,26.73,1.98418e+142
8.92,7.19308e+140,26.76,1.97919e+142
8.93,7.42499e+140,26.79,1.97531e+142
8.94,7.62809e+140,26.82,1.97259e+142
8.95,7.80151e+140,26.85,1.97103e+142
8.96,7.9445e+140,26.88,1.97065e+142
8.97,8.05643e+140,26.91,1.97149e+142
8.98,8.13678e+140,26.94,1.97354e+142
8.99,8.18517e+140,26.97,1.97682e+142
9,8.20133e+140,27,1.98135e+142
9.01,8.18514e+140,27.03,1.98713e+142
9.02,8.13658e+140,27.06,1.99416e+142
9.03,8.05576e+140,27.09,2.00245e+142
9.04,7.94295e+140,27.12,2.012e+142
9.05,7.79851e+140,27.15,2.0228e+142
9.06,7.62294e+140,27.18,2.03485e+142
9.07,7.41688e+140,27.21,2.04813e+142
9.08,7.18106e+140,27.24,2.06265e+142
9.09,6.91636e+140,27.27,2.07837e+142
9.1,6.62376e+140,27.3,2.09528e+142
9.11,6.30434e+140,27.33,2.11337e+142
9.12,5.95933e+140,27.36,2.13259e+142
9.13,5.59001e+140,27.39,2.15294e+142
9.14,5.19781e+140,27.42,2.17436e+142
9.15,4.78422e+140,27.45,2.19682e+142
9.16,4.35083e+140,27.48,2.22028e+142
9.17,3.89931e+140,27.51,2.24469e+142
9.18,3.4314e+140,27.54,2.27e+142
9.19,2.94892e+140,27.57,2.29616e+142
9.2,2.45374e+140,27.6,2.32309e+142
9.21,1.9478e+140,27.63,2.35073e+142
9.22,1.43307e+140,27.66,2.37902e+142
9.23,9.11562e+139,27.69,2.40787e+142
9.24,3.85329e+139,27.72,2.4372e+142
9.25,-1.4356e+139,27.75,2.46693e+142
9.26,-6.73022e+139,27.78,2.49696e+142
9.27,-1.20096e+140,27.81,2.5272e+142
9.28,-1.72529e+140,27.84,2.55755e+142
9.29,-2.24393e+140,27.87,2.58789e+142
9.3,-2.75482e+140,27.9,2.61814e+142
9.31,-3.25592e+140,27.93,2.64817e+142
9.32,-3.74522e+140,27.96,2.67787e+142
9.33,-4.22078e+140,27.99,2.70714e+142
9.34,-4.68067e+140,28.02,2.73584e+142
9.35,-5.12305e+140,28.05,2.76388e+142
9.36,-5.54614e+140,28.08,2.79112e+142
9.37,-5.94821e+140,28.11,2.81747e+142
9.38,-6.32763e+140,28.14,2.8428e+142
9.39,-6.68286e+140,28.17,2.86701e+142
9.4,-7.01244e+140,28.2,2.89e+142
9.41,-7.31501e+140,28.23,2.91166e+142
9.42,-7.58932e+140,28.26,2.93189e+142
9.43,-7.83422e+140,28.29,2.95062e+142
9.44,-8.04868e+140,28.32,2.96775e+142
9.45,-8.2318e+140,28.35,2.98322e+142
9.46,-8.38277e+140,28.38,2.99697e+142
9.47,-8.50095e+140,28.41,3.00893e+142
9.48,-8.58578e+140,28.44,3.01906e+142
9.49,-8.63686e+140,28.47,3.02733e+142
9.5,-8.65393e+140,28.5,3.03372e+142
9.51,-8.63683e+140,28.53,3.03821e+142
9.52,-8.58557e+140,28.56,3.04079e+142
9.53,-8.50028e+140,28.59,3.04149e+142
9.54,-8.38123e+140,28.62,3.04031e+142
9.55,-8.2288e+140,28.65,3.0373e+142
9.56,-8.04354e+140,28.68,3.03248e+142
9.57,-7.82611e+140,28.71,3.02592e+142
9.58,-7.5773e+140,28.74,3.01767e+142
9.59,-7.29802e+140,28.77,3.00781e+142
9.6,-6.98933e+140,28.8,2.99641e+142
9.61,-6.65238e+140,28.83,2.98356e+142
9.62,-6.28843e+140,28.86,2.96936e+142
9.63,-5.89888e+140,28.89,2.9539e+142
9.64,-5.4852e+140,28.92,2.93729e+142
9.65,-5.049e+140,28.95,2.91964e+142
9.66,-4.59193e+140,28.98,2.90106e+142
9.67,-4.11577e+140,29.01,2.88166e+142
9.68,-3.62236e+140,29.04,2.86157e+142
9.69,-3.11361e+140,29.07,2.8409e+142
9.7,-2.5915e+140,29.1,2.81977e+142
9.71,-2.05807e+140,29.13,2.7983e+142
9.72,-1.51541e+140,29.16,2.7766e+142
9.73,-9.6563e+139,29.19,2.7548e+142
9.74,-4.10901e+139,29.22,2.733e+142
9.75,1.46598e+139,29.25,2.71131e+142
9.76,7.04668e+139,29.28,2.68985e+142
9.77,1.26111e+140,29.31,2.66871e+142
9.78,1.81371e+140,29.34,2.648e+142
9.79,2.36028e+140,29.37,2.62781e+142
9.8,2.89866e+140,29.4,2.60823e+142
9.81,3.42668e+140,29.43,2.58935e+142
9.82,3.94226e+140,29.46,2.57124e+142
9.83,4.44332e+140,29.49,2.55399e+142
9.84,4.92785e+140,29.52,2.53767e+142
9.85,5.3939e+140,29.55,2.52235e+142
9.86,5.8396e+140,29.58,2.50809e+142
9.87,6.26314e+140,29.61,2.49495e+142
9.88,6.66281e+140,29.64,2.48298e+142
9.89,7.03696e+140,29.67,2.47224e+142
9.9,7.38409e+140,29.7,2.46276e+142
9.91,7.70275e+140,29.73,2.4546e+142
9.92,7.99162e+140,29.76,2.44779e+142
9.93,8.24952e+140,29.79,2.44236e+142
9.94,8.47535e+140,29.82,2.43836e+142
9.95,8.66817e+140,29.85,2.43579e+142
9.96,8.82713e+140,29.88,2.4347e+142
9.97,8.95154e+140,29.91,2.43509e+142
9.98,9.04085e+140,29.94,2.43699e+142
9.99,9.09463e+140,29.97,2.44041e+142
10,9.11259e+140,30,2.44537e+142
